order_id,contact_email,customer_name,amount_usd,order_date,loyalty_tier
1001, ALICE@Example.COM , Alice Chen ,19.95,04/05/2026,gold
1002,bob@example.com,Bob Lee,42.50,04/06/2026,silver
1002,bob@example.com,Bob Lee,42.50,04/06/2026,silver
1003,,Mina Shah,35.00,04/06/2026,
1004,dan@example.com,Dan Fox,not-a-number,04/07/2026,
1006,carol@example.com,,one hundred twenty,04/07/2026,bronze
1007, DAVE@example.com ,Dave Kim, 8.40 ,04/08/2026,
1008,eve@example.com,Eve Ross,199.00,04/09/2026,
1009,frank@example.com,Frank Yu,12.00,13/40/2026,
