order_id,customer_email,customer_name,amount_usd,order_date,country
1001, ALICE@Example.COM , Alice Chen ,1995,04/05/2026,US
1002,bob@example.com,Bob Lee,4250,04/06/2026,usa
1002,bob@example.com,Bob Lee,4250,04/06/2026,usa
1003,,Mina Shah,3500,04/06/2026,US
1004,dan@example.com,Dan Fox,not-a-number,04/07/2026,US
1006,carol@example.com,,12000,04/07/2026,United States
1007, DAVE@example.com ,Dave Kim,840,04/08/2026,us
1008,eve@example.com,Eve Ross,19900,04/09/2026,US
1009,frank@example.com,Frank Yu,1200,13/40/2026,US
